300,250,Bruce/Rex,15,21,280,Randy/Tom,18,31,110,4,60.37107849121094
300,250,Bruce/Rex,10,13,120,Randy/Tom,16,26,260,3,39.91435098648071
300,250,Bruce/Rex,17,27,260,Randy/Tom,15,25,150,4,58.47247004508972
300,250,Bruce/Rex,18,21,310,Randy/Tom,14,31,70,4,64.21853232383728
300,250,Bruce/Rex,25,43,290,Randy/Tom,15,22,250,5,84.03734564781189
300,250,Bruce/Rex,17,23,370,Randy/Tom,16,29,190,4,56.24131751060486
300,250,Bruce/Rex,9,14,50,Randy/Tom,18,25,280,3,40.25063991546631
300,250,Bruce/Rex,20,32,130,Randy/Tom,20,33,280,5,79.69825410842896
300,250,Bruce/Rex,19,32,160,Randy/Tom,13,20,250,5,64.65008497238159
300,250,Bruce/Rex,7,19,-50,Randy/Tom,17,20,330,3,43.386704206466675
300,250,Bruce/Rex,20,31,300,Randy/Tom,20,34,310,5,73.28231143951416
300,250,Bruce/Rex,26,41,300,Randy/Tom,19,37,320,6,94.68597221374512
300,250,Bruce/Rex,13,28,0,Randy/Tom,22,37,340,5,77.9537262916565
300,250,Bruce/Rex,10,20,50,Randy/Tom,23,32,350,4,60.38116788864136
300,250,Bruce/Rex,17,27,90,Randy/Tom,24,38,360,5,78.72845268249512
300,250,Bruce/Rex,19,33,250,Randy/Tom,22,32,290,5,79.84756422042847
300,250,Bruce/Rex,13,15,260,Randy/Tom,10,24,-20,3,44.93209671974182
300,250,Bruce/Rex,9,21,-30,Randy/Tom,14,18,280,3,49.283278703689575
300,250,Bruce/Rex,13,22,140,Randy/Tom,19,30,250,5,67.7716588973999
300,250,Bruce/Rex,21,38,310,Randy/Tom,20,40,240,6,93.50988602638245
300,250,Bruce/Rex,9,19,-10,Randy/Tom,15,20,300,3,41.02189636230469
300,250,Bruce/Rex,18,39,170,Randy/Tom,23,39,250,7,114.24681186676025
300,250,Bruce/Rex,21,31,330,Randy/Tom,13,21,110,4,56.1465744972229
300,250,Bruce/Rex,12,18,250,Randy/Tom,10,21,40,4,46.493921518325806
300,250,Bruce/Rex,11,23,110,Randy/Tom,13,16,270,3,45.61194825172424
300,250,Bruce/Rex,10,21,-10,Randy/Tom,14,18,280,3,43.446982860565186
300,250,Bruce/Rex,17,33,150,Randy/Tom,15,19,390,4,56.266087770462036
300,250,Bruce/Rex,9,10,170,Randy/Tom,20,29,320,3,38.085670471191406
300,250,Bruce/Rex,13,16,250,Randy/Tom,9,23,-20,4,51.38272833824158
300,250,Bruce/Rex,21,34,340,Randy/Tom,15,31,140,5,78.08246493339539
300,250,Bruce/Rex,20,33,280,Randy/Tom,20,32,300,5,77.03245735168457
300,250,Bruce/Rex,19,27,270,Randy/Tom,7,12,50,3,42.161537170410156
300,250,Bruce/Rex,16,25,270,Randy/Tom,17,27,290,4,53.85178017616272
300,250,Bruce/Rex,15,31,100,Randy/Tom,14,21,270,4,58.45912313461304
300,250,Bruce/Rex,12,18,260,Randy/Tom,14,21,190,3,39.58797264099121
300,250,Bruce/Rex,17,35,90,Randy/Tom,17,30,250,6,83.36065363883972
300,250,Bruce/Rex,13,22,120,Randy/Tom,18,30,250,5,63.843595027923584
300,250,Bruce/Rex,8,13,140,Randy/Tom,17,26,270,3,44.1107439994812
300,250,Bruce/Rex,15,20,270,Randy/Tom,15,32,70,4,63.5160653591156
300,250,Bruce/Rex,14,31,100,Randy/Tom,18,34,280,5,75.2445342540741
300,250,Bruce/Rex,20,27,230,Randy/Tom,21,38,290,5,79.27644109725952
300,250,Bruce/Rex,8,14,50,Randy/Tom,17,25,250,4,50.05225157737732
300,250,Bruce/Rex,16,25,190,Randy/Tom,18,27,260,4,57.710853099823
300,250,Bruce/Rex,19,28,280,Randy/Tom,21,37,150,5,75.605224609375
300,250,Bruce/Rex,13,28,60,Randy/Tom,17,24,300,4,59.11200666427612
300,250,Bruce/Rex,17,31,150,Randy/Tom,18,34,250,6,78.91631174087524
300,250,Bruce/Rex,11,22,-10,Randy/Tom,13,17,260,3,44.49364614486694
300,250,Bruce/Rex,16,18,390,Randy/Tom,19,34,170,4,56.139973163604736
300,250,Bruce/Rex,26,48,300,Randy/Tom,24,43,310,7,122.60957360267639
300,250,Bruce/Rex,18,20,300,Randy/Tom,12,19,150,3,43.65114688873291
300,250,Bruce/Rex,11,22,-70,Randy/Tom,19,30,300,4,58.21837067604065
300,250,Bruce/Rex,17,28,160,Randy/Tom,17,24,390,4,53.64512062072754
300,250,Bruce/Rex,20,42,310,Randy/Tom,19,36,70,6,99.16384863853455
300,250,Bruce/Rex,13,22,100,Randy/Tom,20,30,280,4,60.03985929489136
300,250,Bruce/Rex,19,36,300,Randy/Tom,28,42,380,6,92.26202583312988
300,250,Bruce/Rex,17,25,280,Randy/Tom,13,27,70,4,61.348756313323975
300,250,Bruce/Rex,13,21,260,Randy/Tom,12,31,30,4,64.41487002372742
300,250,Bruce/Rex,11,22,60,Randy/Tom,20,30,330,4,56.965317249298096
300,250,Bruce/Rex,14,29,-10,Randy/Tom,16,23,380,4,52.41540884971619
300,250,Bruce/Rex,19,27,210,Randy/Tom,23,38,360,5,75.55542087554932
300,250,Bruce/Rex,17,25,300,Randy/Tom,12,14,220,3,38.3100004196167
300,250,Bruce/Rex,14,22,260,Randy/Tom,18,30,130,4,61.22539496421814
300,250,Bruce/Rex,16,27,110,Randy/Tom,17,25,300,4,62.15202474594116
300,250,Bruce/Rex,15,20,190,Randy/Tom,15,19,260,3,41.37717270851135
300,250,Bruce/Rex,18,30,260,Randy/Tom,14,22,190,4,55.84883499145508
300,250,Bruce/Rex,18,18,330,Randy/Tom,7,21,-50,3,43.057799339294434
300,250,Bruce/Rex,11,19,140,Randy/Tom,15,20,320,3,39.07220768928528
300,250,Bruce/Rex,18,45,310,Randy/Tom,29,46,410,7,111.0513424873352
300,250,Bruce/Rex,19,31,230,Randy/Tom,18,34,310,5,68.21692633628845
300,250,Bruce/Rex,24,38,370,Randy/Tom,16,27,60,5,79.52208375930786
300,250,Bruce/Rex,16,30,160,Randy/Tom,24,48,360,6,96.83121013641357
300,250,Bruce/Rex,20,38,320,Randy/Tom,19,27,390,5,72.78362488746643
300,250,Bruce/Rex,21,39,320,Randy/Tom,21,39,160,6,96.65446972846985
300,250,Bruce/Rex,18,21,350,Randy/Tom,11,18,150,3,40.753286838531494
300,250,Bruce/Rex,20,27,270,Randy/Tom,12,25,-10,4,63.03926229476929
300,250,Bruce/Rex,18,28,310,Randy/Tom,21,37,220,5,74.7759039402008
300,250,Bruce/Rex,11,23,10,Randy/Tom,13,16,250,4,53.982022285461426
300,250,Bruce/Rex,12,20,160,Randy/Tom,13,19,250,4,48.972288608551025
300,250,Bruce/Rex,23,44,280,Randy/Tom,20,34,80,6,100.70212054252625
300,250,Bruce/Rex,22,41,290,Randy/Tom,18,37,160,6,104.19790816307068
300,250,Bruce/Rex,15,31,50,Randy/Tom,13,21,280,4,62.65177512168884
300,250,Bruce/Rex,22,40,270,Randy/Tom,17,25,230,5,80.82017254829407
300,250,Bruce/Rex,26,43,340,Randy/Tom,19,35,280,6,96.21960163116455
300,250,Bruce/Rex,13,26,-20,Randy/Tom,22,39,330,5,79.67583203315735
300,250,Bruce/Rex,12,21,160,Randy/Tom,14,18,270,3,43.75670266151428
300,250,Bruce/Rex,16,24,250,Randy/Tom,14,28,70,5,75.04663157463074
300,250,Bruce/Rex,10,22,70,Randy/Tom,21,30,300,4,60.310681104660034
300,250,Bruce/Rex,15,24,100,Randy/Tom,20,28,310,4,59.176584243774414
300,250,Bruce/Rex,16,26,290,Randy/Tom,13,26,60,4,57.42643332481384
300,250,Bruce/Rex,14,16,280,Randy/Tom,13,23,190,3,39.71893882751465
300,250,Bruce/Rex,11,22,60,Randy/Tom,18,30,280,4,56.75509285926819
300,250,Bruce/Rex,22,36,340,Randy/Tom,18,29,220,5,73.71332597732544
300,250,Bruce/Rex,17,26,310,Randy/Tom,12,26,70,4,51.8052191734314
300,250,Bruce/Rex,15,22,280,Randy/Tom,18,30,230,4,61.82588219642639
300,250,Bruce/Rex,22,39,220,Randy/Tom,25,52,300,7,122.5315752029419
300,250,Bruce/Rex,10,13,260,Randy/Tom,18,39,170,4,57.62721085548401
300,250,Bruce/Rex,14,22,160,Randy/Tom,13,17,280,3,41.86530876159668
300,250,Bruce/Rex,17,28,250,Randy/Tom,18,24,340,4,55.05424785614014
300,250,Bruce/Rex,15,21,290,Randy/Tom,18,31,230,4,61.16560363769531
300,250,Bruce/Rex,14,21,230,Randy/Tom,26,44,350,5,75.6746277809143
300,250,Bruce/Rex,20,45,270,Randy/Tom,26,46,390,7,112.44445991516113
300,250,Bruce/Rex,16,26,250,Randy/Tom,10,13,190,4,46.557021379470825
300,250,Bruce/Rex,14,26,180,Randy/Tom,19,26,340,4,58.21570134162903
300,250,Bruce/Rex,16,25,250,Randy/Tom,17,27,220,5,60.455692768096924
300,250,Bruce/Rex,9,17,110,Randy/Tom,22,35,290,4,56.771564245224
300,250,Bruce/Rex,15,21,260,Randy/Tom,14,31,60,4,61.003692865371704
300,250,Bruce/Rex,10,20,100,Randy/Tom,15,19,330,3,42.64788484573364
300,250,Bruce/Rex,21,33,280,Randy/Tom,15,32,30,5,88.0500078201294
300,250,Bruce/Rex,27,39,390,Randy/Tom,17,39,160,6,100.47425293922424
300,250,Bruce/Rex,17,25,290,Randy/Tom,15,27,110,4,55.12985181808472
300,250,Bruce/Rex,19,28,320,Randy/Tom,16,24,270,4,55.40181279182434
300,250,Bruce/Rex,20,37,320,Randy/Tom,18,41,150,6,96.56097936630249
300,250,Bruce/Rex,13,22,50,Randy/Tom,12,17,250,4,47.988774061203
300,250,Bruce/Rex,8,10,150,Randy/Tom,19,29,330,3,37.62967848777771
300,250,Bruce/Rex,16,28,210,Randy/Tom,23,50,310,6,97.59006929397583
300,250,Bruce/Rex,19,23,320,Randy/Tom,21,42,220,5,78.0906069278717
300,250,Bruce/Rex,15,32,180,Randy/Tom,17,33,260,5,73.10844945907593
300,250,Bruce/Rex,17,35,190,Randy/Tom,21,43,270,6,95.83356046676636
300,250,Bruce/Rex,11,20,110,Randy/Tom,15,19,350,3,40.06860947608948
300,250,Bruce/Rex,21,49,270,Randy/Tom,24,42,370,7,116.81893301010132
300,250,Bruce/Rex,18,28,270,Randy/Tom,13,24,140,4,56.96916890144348
300,250,Bruce/Rex,14,16,280,Randy/Tom,9,23,-30,3,48.54592537879944
300,250,Bruce/Rex,17,26,240,Randy/Tom,27,39,370,5,74.51240658760071
300,250,Bruce/Rex,21,36,330,Randy/Tom,20,29,200,5,75.16359233856201
300,250,Bruce/Rex,12,27,-10,Randy/Tom,17,25,270,4,59.519450664520264
300,250,Bruce/Rex,22,32,330,Randy/Tom,20,33,290,5,75.37549066543579
300,250,Bruce/Rex,6,14,20,Randy/Tom,17,25,260,3,43.6331102848053
300,250,Bruce/Rex,17,26,270,Randy/Tom,23,39,310,5,76.115713596344
300,250,Bruce/Rex,16,32,80,Randy/Tom,19,33,270,5,78.2401556968689
300,250,Bruce/Rex,19,29,270,Randy/Tom,11,23,90,4,57.563029289245605
300,250,Bruce/Rex,16,28,220,Randy/Tom,21,37,270,5,78.79716849327087
300,250,Bruce/Rex,12,20,50,Randy/Tom,13,19,250,4,50.87063550949097
300,250,Bruce/Rex,19,35,300,Randy/Tom,13,30,-20,5,75.93723940849304
300,250,Bruce/Rex,17,30,260,Randy/Tom,20,35,220,5,74.52723288536072
300,250,Bruce/Rex,11,19,130,Randy/Tom,15,20,330,3,41.59352231025696
300,250,Bruce/Rex,6,12,20,Randy/Tom,18,27,270,3,41.53235673904419
300,250,Bruce/Rex,8,16,60,Randy/Tom,19,23,360,3,40.729121685028076
300,250,Bruce/Rex,15,23,270,Randy/Tom,25,42,290,5,75.21218585968018
300,250,Bruce/Rex,21,37,330,Randy/Tom,17,28,210,5,74.89262247085571
300,250,Bruce/Rex,16,21,330,Randy/Tom,9,18,-40,3,39.183125257492065
300,250,Bruce/Rex,12,17,140,Randy/Tom,17,22,360,3,38.65308237075806
300,250,Bruce/Rex,16,28,150,Randy/Tom,16,24,370,4,53.39983820915222
300,250,Bruce/Rex,17,25,260,Randy/Tom,20,40,250,5,77.36916494369507
300,250,Bruce/Rex,19,33,310,Randy/Tom,26,45,400,6,98.10656428337097
300,250,Bruce/Rex,21,39,250,Randy/Tom,16,39,30,7,108.90057516098022
300,250,Bruce/Rex,18,30,320,Randy/Tom,17,22,270,4,54.376954317092896
300,250,Bruce/Rex,22,37,300,Randy/Tom,20,28,250,5,75.29276442527771
300,250,Bruce/Rex,22,37,300,Randy/Tom,20,28,240,5,80.93913292884827
300,250,Bruce/Rex,22,40,230,Randy/Tom,15,25,250,6,83.57533931732178
300,250,Bruce/Rex,19,29,300,Randy/Tom,15,23,260,4,56.27174234390259
300,250,Bruce/Rex,14,26,150,Randy/Tom,20,26,360,4,58.63635516166687
300,250,Bruce/Rex,12,14,220,Randy/Tom,18,25,270,3,39.8982048034668
300,250,Bruce/Rex,15,21,250,Randy/Tom,17,31,150,5,67.1906807422638
300,250,Bruce/Rex,22,41,280,Randy/Tom,16,24,160,5,85.33389830589294
300,250,Bruce/Rex,25,40,300,Randy/Tom,18,38,200,6,99.48346757888794
300,250,Bruce/Rex,18,25,350,Randy/Tom,13,27,150,4,58.31833100318909
300,250,Bruce/Rex,15,23,250,Randy/Tom,22,42,270,5,73.00302815437317
300,250,Bruce/Rex,15,28,80,Randy/Tom,18,24,320,4,62.2036235332489
300,250,Bruce/Rex,20,34,270,Randy/Tom,18,31,250,5,76.50925254821777
300,250,Bruce/Rex,25,40,310,Randy/Tom,19,25,430,5,75.22166872024536
300,250,Bruce/Rex,21,36,300,Randy/Tom,18,29,300,5,70.79104375839233
300,250,Bruce/Rex,21,36,310,Randy/Tom,21,42,240,6,95.63597631454468
300,250,Bruce/Rex,17,31,260,Randy/Tom,13,21,120,4,59.09793758392334
300,250,Bruce/Rex,21,27,280,Randy/Tom,19,38,260,5,74.30011701583862
300,250,Bruce/Rex,18,36,140,Randy/Tom,22,42,300,6,99.30325865745544
300,250,Bruce/Rex,22,33,260,Randy/Tom,18,32,120,5,84.3116307258606
300,250,Bruce/Rex,17,37,190,Randy/Tom,18,28,260,5,79.26378035545349
300,250,Bruce/Rex,16,23,260,Randy/Tom,14,29,60,4,58.82150864601135
300,250,Bruce/Rex,26,46,390,Randy/Tom,17,32,260,6,95.33482885360718
300,250,Bruce/Rex,17,26,290,Randy/Tom,16,26,240,4,56.08242845535278
300,250,Bruce/Rex,17,35,170,Randy/Tom,23,43,330,6,98.85547971725464
300,250,Bruce/Rex,22,30,350,Randy/Tom,20,35,270,5,71.08527684211731
300,250,Bruce/Rex,21,35,330,Randy/Tom,15,30,80,5,75.42559742927551
300,250,Bruce/Rex,13,23,130,Randy/Tom,12,16,280,3,42.14764404296875
300,250,Bruce/Rex,18,28,300,Randy/Tom,13,24,90,4,55.79308819770813
300,250,Bruce/Rex,22,36,350,Randy/Tom,23,42,240,6,97.43749117851257
300,250,Bruce/Rex,21,34,320,Randy/Tom,24,44,380,6,91.52880358695984
300,250,Bruce/Rex,15,22,290,Randy/Tom,18,30,80,4,61.037208795547485
300,250,Bruce/Rex,14,17,370,Randy/Tom,23,35,220,4,57.5147168636322
300,250,Bruce/Rex,16,31,90,Randy/Tom,14,21,260,4,57.96654462814331
300,250,Bruce/Rex,19,36,300,Randy/Tom,26,42,370,6,91.20636320114136
300,250,Bruce/Rex,13,30,-20,Randy/Tom,15,22,290,4,61.41763472557068
300,250,Bruce/Rex,14,27,10,Randy/Tom,20,38,250,6,91.02055883407593
300,250,Bruce/Rex,22,25,440,Randy/Tom,14,27,0,4,57.3828227519989
300,250,Bruce/Rex,17,22,280,Randy/Tom,13,17,180,3,38.587313175201416
300,250,Bruce/Rex,9,21,-20,Randy/Tom,13,18,280,3,44.07292675971985
300,250,Bruce/Rex,12,23,60,Randy/Tom,19,29,290,4,60.07140064239502
300,250,Bruce/Rex,19,26,300,Randy/Tom,15,26,120,4,55.950708627700806
300,250,Bruce/Rex,16,34,230,Randy/Tom,21,31,290,5,78.59409785270691
300,250,Bruce/Rex,23,37,320,Randy/Tom,14,28,110,5,73.15907597541809
300,250,Bruce/Rex,19,39,170,Randy/Tom,20,39,340,6,94.35830998420715
300,250,Bruce/Rex,16,27,250,Randy/Tom,12,25,90,5,65.56865334510803
300,250,Bruce/Rex,19,23,290,Randy/Tom,15,29,220,4,62.15908694267273
300,250,Bruce/Rex,21,36,270,Randy/Tom,19,42,150,6,103.01271891593933
300,250,Bruce/Rex,16,31,190,Randy/Tom,22,34,260,5,83.65244793891907
300,250,Bruce/Rex,19,31,320,Randy/Tom,15,21,290,4,55.15024662017822
300,250,Bruce/Rex,14,25,160,Randy/Tom,25,40,280,5,78.80514168739319
300,250,Bruce/Rex,15,25,110,Randy/Tom,19,27,330,4,58.08604121208191
300,250,Bruce/Rex,24,40,330,Randy/Tom,19,38,240,6,95.70213389396667
300,250,Bruce/Rex,13,18,320,Randy/Tom,17,34,90,4,62.01993131637573
