100,250,Bruce/Rex,22,35,330,Randy/Tom,20,30,300,5,35.77933955192566
100,250,Bruce/Rex,17,25,300,Randy/Tom,14,27,80,4,31.184194326400757
100,250,Bruce/Rex,24,39,380,Randy/Tom,21,39,210,6,44.02215838432312
100,250,Bruce/Rex,14,21,220,Randy/Tom,24,44,280,5,35.78694558143616
100,250,Bruce/Rex,21,37,340,Randy/Tom,21,41,330,6,44.45671200752258
100,250,Bruce/Rex,16,20,340,Randy/Tom,6,19,-80,3,20.57598638534546
100,250,Bruce/Rex,17,35,210,Randy/Tom,24,43,270,6,44.70620107650757
100,250,Bruce/Rex,15,21,280,Randy/Tom,18,31,290,4,27.161038160324097
100,250,Bruce/Rex,21,38,340,Randy/Tom,21,40,170,6,43.15757369995117
100,250,Bruce/Rex,15,28,290,Randy/Tom,21,37,220,5,35.5196533203125
100,250,Bruce/Rex,18,31,270,Randy/Tom,21,34,280,5,36.086923599243164
100,250,Bruce/Rex,11,19,160,Randy/Tom,22,33,360,4,27.680047273635864
100,250,Bruce/Rex,18,27,330,Randy/Tom,12,25,20,4,28.867632150650024
100,250,Bruce/Rex,26,51,320,Randy/Tom,21,40,300,7,53.80118942260742
100,250,Bruce/Rex,13,20,260,Randy/Tom,19,32,170,4,27.737489700317383
100,250,Bruce/Rex,22,30,300,Randy/Tom,14,35,40,5,35.38932991027832
100,250,Bruce/Rex,14,17,300,Randy/Tom,12,22,160,3,19.699010848999023
100,250,Bruce/Rex,16,24,210,Randy/Tom,20,28,390,4,26.87520933151245
100,250,Bruce/Rex,18,29,250,Randy/Tom,21,36,170,6,41.125736236572266
100,250,Bruce/Rex,21,35,270,Randy/Tom,18,30,110,5,36.72197699546814
100,250,Bruce/Rex,29,51,410,Randy/Tom,16,27,280,6,43.93505263328552
100,250,Bruce/Rex,15,32,180,Randy/Tom,25,46,330,6,44.21287822723389
100,250,Bruce/Rex,15,23,290,Randy/Tom,16,29,60,4,30.490966081619263
100,250,Bruce/Rex,19,26,340,Randy/Tom,11,26,-10,4,29.687504291534424
100,250,Bruce/Rex,22,37,350,Randy/Tom,17,28,190,5,35.89388561248779
100,250,Bruce/Rex,18,36,90,Randy/Tom,18,29,260,5,36.09892225265503
100,250,Bruce/Rex,12,27,10,Randy/Tom,18,25,290,4,30.707887411117554
100,250,Bruce/Rex,10,15,160,Randy/Tom,17,24,280,3,18.6146080493927
100,250,Bruce/Rex,25,36,330,Randy/Tom,13,16,180,4,27.346049308776855
100,250,Bruce/Rex,15,21,250,Randy/Tom,19,44,160,6,40.449931144714355
100,250,Bruce/Rex,15,27,250,Randy/Tom,14,25,130,5,30.770942211151123
100,250,Bruce/Rex,16,24,240,Randy/Tom,12,15,260,3,19.367562770843506
100,250,Bruce/Rex,15,22,290,Randy/Tom,12,30,-10,4,27.076831102371216
100,250,Bruce/Rex,12,25,10,Randy/Tom,12,14,250,4,24.37129235267639
100,250,Bruce/Rex,10,15,210,Randy/Tom,17,24,260,3,19.05321192741394
100,250,Bruce/Rex,18,27,280,Randy/Tom,17,25,300,4,26.91074228286743
100,250,Bruce/Rex,16,24,270,Randy/Tom,15,28,120,4,27.465723276138306
100,250,Bruce/Rex,14,23,330,Randy/Tom,16,29,180,4,28.152676105499268
100,250,Bruce/Rex,8,12,140,Randy/Tom,20,27,320,3,19.102518320083618
100,250,Bruce/Rex,8,13,150,Randy/Tom,18,26,310,3,18.748573064804077
100,250,Bruce/Rex,21,30,340,Randy/Tom,16,22,120,4,27.31083655357361
100,250,Bruce/Rex,24,41,350,Randy/Tom,18,37,160,6,44.14837598800659
100,250,Bruce/Rex,16,30,50,Randy/Tom,20,35,280,5,35.57478070259094
100,250,Bruce/Rex,23,34,320,Randy/Tom,15,18,-90,4,25.258471727371216
100,250,Bruce/Rex,18,39,140,Randy/Tom,22,39,290,6,44.29698729515076
100,250,Bruce/Rex,19,37,290,Randy/Tom,20,41,190,6,44.52306342124939
100,250,Bruce/Rex,19,27,390,Randy/Tom,15,25,180,4,27.023437023162842
100,250,Bruce/Rex,21,37,310,Randy/Tom,16,28,230,5,34.46742486953735
100,250,Bruce/Rex,21,35,280,Randy/Tom,16,30,220,5,36.30380630493164
100,250,Bruce/Rex,18,19,330,Randy/Tom,9,20,-10,3,19.453551769256592
100,250,Bruce/Rex,23,32,300,Randy/Tom,17,33,210,5,36.08502817153931
100,250,Bruce/Rex,14,25,130,Randy/Tom,18,27,250,5,32.00806379318237
100,250,Bruce/Rex,16,22,300,Randy/Tom,18,30,230,4,28.873714685440063
100,250,Bruce/Rex,15,24,160,Randy/Tom,11,15,270,3,21.465282917022705
100,250,Bruce/Rex,23,41,290,Randy/Tom,17,37,230,6,44.29752707481384
100,250,Bruce/Rex,16,19,360,Randy/Tom,19,33,230,4,27.212531089782715
100,250,Bruce/Rex,15,17,290,Randy/Tom,13,35,10,4,28.61625576019287
100,250,Bruce/Rex,21,29,380,Randy/Tom,13,23,10,4,27.26143455505371
100,250,Bruce/Rex,24,41,380,Randy/Tom,19,37,220,6,42.92494535446167
100,250,Bruce/Rex,17,32,290,Randy/Tom,20,33,250,5,34.76313877105713
100,250,Bruce/Rex,19,24,400,Randy/Tom,9,15,70,3,19.67575979232788
100,250,Bruce/Rex,11,16,190,Randy/Tom,17,23,270,3,19.522881507873535
100,250,Bruce/Rex,12,18,260,Randy/Tom,10,21,-10,3,19.243261575698853
100,250,Bruce/Rex,23,34,320,Randy/Tom,12,31,-60,5,36.0136923789978
100,250,Bruce/Rex,15,20,280,Randy/Tom,18,32,260,4,26.903152465820312
100,250,Bruce/Rex,10,21,-20,Randy/Tom,15,18,320,3,18.987823963165283
100,250,Bruce/Rex,13,26,110,Randy/Tom,18,26,300,4,27.315932750701904
100,250,Bruce/Rex,18,31,300,Randy/Tom,17,34,220,5,36.330854654312134
100,250,Bruce/Rex,21,36,250,Randy/Tom,12,16,180,5,32.61823749542236
100,250,Bruce/Rex,18,29,250,Randy/Tom,17,36,120,6,40.413389682769775
100,250,Bruce/Rex,26,47,390,Randy/Tom,16,31,160,6,44.74935007095337
100,250,Bruce/Rex,16,32,220,Randy/Tom,19,33,290,5,35.849640130996704
100,250,Bruce/Rex,24,48,350,Randy/Tom,16,30,50,6,44.10610485076904
100,250,Bruce/Rex,14,19,260,Randy/Tom,12,20,180,3,19.76189160346985
100,250,Bruce/Rex,19,28,290,Randy/Tom,22,37,250,5,35.398770332336426
100,250,Bruce/Rex,15,31,70,Randy/Tom,23,34,340,5,35.97030735015869
100,250,Bruce/Rex,17,25,280,Randy/Tom,23,40,190,5,35.777684688568115
100,250,Bruce/Rex,26,32,500,Randy/Tom,20,33,290,5,32.945563077926636
100,250,Bruce/Rex,22,39,220,Randy/Tom,20,39,340,6,44.05358576774597
100,250,Bruce/Rex,18,27,270,Randy/Tom,22,38,260,5,35.785783767700195
100,250,Bruce/Rex,17,32,190,Randy/Tom,13,20,270,4,31.07487678527832
100,250,Bruce/Rex,15,18,280,Randy/Tom,8,21,-20,3,21.586123943328857
100,250,Bruce/Rex,18,39,250,Randy/Tom,14,26,160,6,41.44193172454834
100,250,Bruce/Rex,19,27,270,Randy/Tom,17,25,270,4,27.78345227241516
100,250,Bruce/Rex,19,29,310,Randy/Tom,12,23,110,4,27.68761157989502
100,250,Bruce/Rex,14,20,260,Randy/Tom,19,32,280,4,27.148347854614258
100,250,Bruce/Rex,17,31,250,Randy/Tom,13,21,120,5,31.920291423797607
100,250,Bruce/Rex,19,26,270,Randy/Tom,11,26,60,4,28.110396146774292
100,250,Bruce/Rex,20,25,300,Randy/Tom,11,14,220,3,19.502182960510254
100,250,Bruce/Rex,8,13,140,Randy/Tom,16,26,270,3,19.02786898612976
100,250,Bruce/Rex,17,27,240,Randy/Tom,21,38,280,5,35.87620830535889
100,250,Bruce/Rex,14,21,260,Randy/Tom,18,31,300,4,27.51065230369568
100,250,Bruce/Rex,20,32,260,Randy/Tom,19,46,230,6,43.9075813293457
100,250,Bruce/Rex,22,35,280,Randy/Tom,16,30,80,5,35.96209907531738
100,250,Bruce/Rex,10,21,30,Randy/Tom,14,18,250,4,24.032068490982056
100,250,Bruce/Rex,18,22,370,Randy/Tom,16,30,110,4,27.513293981552124
100,250,Bruce/Rex,13,23,240,Randy/Tom,21,29,310,4,28.188905239105225
100,250,Bruce/Rex,10,20,30,Randy/Tom,16,19,300,3,19.575255632400513
100,250,Bruce/Rex,19,36,280,Randy/Tom,26,42,280,6,45.69449019432068
100,250,Bruce/Rex,17,24,280,Randy/Tom,9,15,160,3,19.26859188079834
100,250,Bruce/Rex,16,25,280,Randy/Tom,13,27,70,4,27.735350608825684
100,250,Bruce/Rex,22,36,190,Randy/Tom,20,29,270,5,36.67268204689026
100,250,Bruce/Rex,14,20,280,Randy/Tom,10,19,0,3,19.09438443183899
100,250,Bruce/Rex,17,30,290,Randy/Tom,7,9,130,3,19.323243856430054
100,250,Bruce/Rex,18,29,170,Randy/Tom,23,36,290,5,36.56351828575134
100,250,Bruce/Rex,22,33,340,Randy/Tom,13,32,30,5,34.77683162689209
100,250,Bruce/Rex,17,35,220,Randy/Tom,27,43,310,6,44.87892293930054
100,250,Bruce/Rex,20,40,290,Randy/Tom,18,25,400,5,36.58762812614441
100,250,Bruce/Rex,14,21,310,Randy/Tom,10,18,110,3,18.59118962287903
100,250,Bruce/Rex,19,32,280,Randy/Tom,10,20,70,4,27.981712102890015
100,250,Bruce/Rex,20,39,140,Randy/Tom,16,26,300,5,35.83082365989685
100,250,Bruce/Rex,10,20,-50,Randy/Tom,19,32,250,5,32.92396092414856
100,250,Bruce/Rex,21,39,280,Randy/Tom,23,39,360,6,44.6579704284668
100,250,Bruce/Rex,13,21,90,Randy/Tom,18,31,310,4,26.663127422332764
100,250,Bruce/Rex,17,26,270,Randy/Tom,16,26,140,4,28.24829363822937
100,250,Bruce/Rex,21,34,310,Randy/Tom,20,31,320,5,35.5809428691864
100,250,Bruce/Rex,23,42,210,Randy/Tom,19,36,330,6,44.24709105491638
100,250,Bruce/Rex,17,28,270,Randy/Tom,20,37,260,5,35.222493410110474
100,250,Bruce/Rex,13,26,170,Randy/Tom,26,39,390,5,35.661402463912964
100,250,Bruce/Rex,21,36,160,Randy/Tom,18,29,280,5,36.040732860565186
100,250,Bruce/Rex,14,29,10,Randy/Tom,19,23,370,4,28.391801595687866
100,250,Bruce/Rex,20,30,340,Randy/Tom,14,22,240,4,27.880359888076782
100,250,Bruce/Rex,19,23,410,Randy/Tom,14,29,80,4,27.637457847595215
100,250,Bruce/Rex,19,34,320,Randy/Tom,21,44,190,6,44.79088234901428
100,250,Bruce/Rex,15,32,-20,Randy/Tom,18,33,300,5,35.80746364593506
100,250,Bruce/Rex,18,28,260,Randy/Tom,18,37,130,5,35.57174348831177
100,250,Bruce/Rex,16,27,140,Randy/Tom,19,25,390,4,27.540550470352173
100,250,Bruce/Rex,11,21,60,Randy/Tom,20,31,330,4,27.258485555648804
100,250,Bruce/Rex,20,30,250,Randy/Tom,13,22,120,5,33.534472942352295
100,250,Bruce/Rex,20,30,300,Randy/Tom,11,22,-20,4,27.011318922042847
100,250,Bruce/Rex,8,23,-100,Randy/Tom,18,29,250,5,32.998648166656494
100,250,Bruce/Rex,13,24,80,Randy/Tom,18,28,310,4,27.32471776008606
100,250,Bruce/Rex,10,20,40,Randy/Tom,16,32,260,4,27.05191159248352
100,250,Bruce/Rex,17,36,260,Randy/Tom,17,29,180,5,36.53242802619934
100,250,Bruce/Rex,22,40,270,Randy/Tom,17,38,190,6,44.50603270530701
100,250,Bruce/Rex,21,35,300,Randy/Tom,18,43,160,6,43.821420669555664
100,250,Bruce/Rex,15,23,130,Randy/Tom,18,29,290,4,27.516920566558838
100,250,Bruce/Rex,20,42,160,Randy/Tom,21,36,350,6,45.06666922569275
100,250,Bruce/Rex,20,37,310,Randy/Tom,15,28,70,5,35.96157217025757
100,250,Bruce/Rex,7,13,30,Randy/Tom,19,26,300,3,18.765506505966187
100,250,Bruce/Rex,14,25,120,Randy/Tom,19,27,400,4,24.64442539215088
100,250,Bruce/Rex,16,22,310,Randy/Tom,7,17,-50,3,19.345628023147583
100,250,Bruce/Rex,19,30,280,Randy/Tom,17,35,170,5,36.67782258987427
100,250,Bruce/Rex,19,25,370,Randy/Tom,16,27,170,4,27.688241481781006
100,250,Bruce/Rex,18,30,250,Randy/Tom,11,22,100,5,32.82481098175049
100,250,Bruce/Rex,13,25,90,Randy/Tom,23,40,260,5,36.12385702133179
100,250,Bruce/Rex,17,25,260,Randy/Tom,9,14,180,3,19.775510549545288
100,250,Bruce/Rex,18,28,130,Randy/Tom,15,24,290,4,27.622132062911987
100,250,Bruce/Rex,19,34,280,Randy/Tom,20,31,290,5,35.98638081550598
100,250,Bruce/Rex,18,24,390,Randy/Tom,12,28,-60,4,28.223419904708862
100,250,Bruce/Rex,12,23,100,Randy/Tom,20,29,340,4,26.746791124343872
100,250,Bruce/Rex,25,46,360,Randy/Tom,17,32,190,6,44.393245458602905
100,250,Bruce/Rex,20,40,260,Randy/Tom,21,38,300,6,44.223076581954956
100,250,Bruce/Rex,21,29,340,Randy/Tom,18,36,190,5,35.68735909461975
100,250,Bruce/Rex,20,29,320,Randy/Tom,13,36,10,5,36.51689577102661
100,250,Bruce/Rex,16,23,300,Randy/Tom,14,29,190,4,27.52308464050293
100,250,Bruce/Rex,18,34,260,Randy/Tom,23,44,170,6,44.358821630477905
100,250,Bruce/Rex,19,28,270,Randy/Tom,17,24,220,4,27.559499979019165
100,250,Bruce/Rex,10,19,60,Randy/Tom,22,33,290,4,28.222599744796753
100,250,Bruce/Rex,25,47,300,Randy/Tom,20,31,220,6,44.5341522693634
100,250,Bruce/Rex,15,20,290,Randy/Tom,17,32,240,4,27.319246292114258
100,250,Bruce/Rex,11,18,170,Randy/Tom,20,34,320,4,27.545361042022705
100,250,Bruce/Rex,17,35,40,Randy/Tom,23,30,430,5,33.543978691101074
100,250,Bruce/Rex,10,20,0,Randy/Tom,14,19,270,3,19.276384115219116
100,250,Bruce/Rex,18,31,290,Randy/Tom,21,47,300,6,44.53423309326172
100,250,Bruce/Rex,20,29,280,Randy/Tom,19,36,270,5,35.608198165893555
100,250,Bruce/Rex,18,39,120,Randy/Tom,21,39,330,6,44.599748849868774
100,250,Bruce/Rex,10,20,20,Randy/Tom,15,19,290,3,19.81151580810547
100,250,Bruce/Rex,18,24,280,Randy/Tom,8,15,60,3,19.815497875213623
100,250,Bruce/Rex,19,38,250,Randy/Tom,20,40,160,7,50.98282217979431
100,250,Bruce/Rex,18,36,220,Randy/Tom,12,16,280,4,28.47989320755005
100,250,Bruce/Rex,16,20,380,Randy/Tom,10,19,70,3,19.02506971359253
100,250,Bruce/Rex,15,24,350,Randy/Tom,15,28,20,4,28.67415738105774
100,250,Bruce/Rex,15,24,280,Randy/Tom,11,28,-20,4,27.31975507736206
100,250,Bruce/Rex,18,28,280,Randy/Tom,13,24,120,4,27.533709287643433
100,250,Bruce/Rex,10,19,80,Randy/Tom,16,20,390,3,18.92604374885559
100,250,Bruce/Rex,15,26,240,Randy/Tom,23,39,320,5,35.71934413909912
100,250,Bruce/Rex,13,19,120,Randy/Tom,22,33,320,4,27.07279658317566
100,250,Bruce/Rex,22,47,280,Randy/Tom,20,44,340,7,53.39756441116333
100,250,Bruce/Rex,13,16,310,Randy/Tom,8,23,-60,3,20.95994281768799
100,250,Bruce/Rex,23,32,300,Randy/Tom,15,20,320,4,27.572142601013184
100,250,Bruce/Rex,16,32,150,Randy/Tom,21,33,270,5,36.777695178985596
100,250,Bruce/Rex,15,27,150,Randy/Tom,18,25,270,4,28.088637113571167
100,250,Bruce/Rex,22,42,300,Randy/Tom,14,23,50,5,35.686789751052856
100,250,Bruce/Rex,18,25,280,Randy/Tom,20,27,280,4,27.86784076690674
100,250,Bruce/Rex,20,33,190,Randy/Tom,18,32,250,6,40.78859758377075
100,250,Bruce/Rex,17,30,240,Randy/Tom,15,22,270,4,28.445223331451416
100,250,Bruce/Rex,15,22,230,Randy/Tom,20,30,310,4,27.79404354095459
100,250,Bruce/Rex,9,16,130,Randy/Tom,26,36,400,4,27.773645162582397
100,250,Bruce/Rex,16,26,200,Randy/Tom,18,26,310,4,27.127246379852295
100,250,Bruce/Rex,24,30,370,Randy/Tom,10,22,50,4,28.439093112945557
100,250,Bruce/Rex,18,25,310,Randy/Tom,21,40,220,5,35.805771827697754
100,250,Bruce/Rex,20,35,280,Randy/Tom,18,30,320,5,35.95652389526367
100,250,Bruce/Rex,22,33,320,Randy/Tom,17,32,210,5,35.9312379360199
100,250,Bruce/Rex,23,31,290,Randy/Tom,19,34,110,5,35.6755485534668
100,250,Bruce/Rex,14,20,280,Randy/Tom,13,32,90,4,30.550148248672485
100,250,Bruce/Rex,21,28,310,Randy/Tom,17,24,220,4,27.41506838798523
100,250,Bruce/Rex,12,24,100,Randy/Tom,18,28,260,4,28.176857948303223
100,250,Bruce/Rex,18,31,260,Randy/Tom,18,34,190,5,36.781813621520996
100,250,Bruce/Rex,18,24,250,Randy/Tom,13,15,170,4,24.66170358657837
100,250,Bruce/Rex,10,19,60,Randy/Tom,19,33,300,4,29.08486580848694
100,250,Bruce/Rex,18,20,310,Randy/Tom,9,19,-10,3,19.787983655929565
100,250,Bruce/Rex,21,31,340,Randy/Tom,8,21,0,4,27.919980764389038
100,250,Bruce/Rex,12,24,40,Randy/Tom,18,28,310,4,27.150668144226074
100,250,Bruce/Rex,19,40,280,Randy/Tom,20,38,340,6,44.14636731147766
100,250,Bruce/Rex,13,27,30,Randy/Tom,18,25,330,4,29.626081943511963
100,250,Bruce/Rex,19,36,140,Randy/Tom,18,29,290,5,34.96347498893738
100,250,Bruce/Rex,18,29,280,Randy/Tom,12,23,130,4,27.563982725143433
100,250,Bruce/Rex,20,34,290,Randy/Tom,18,31,260,5,35.79144549369812
100,250,Bruce/Rex,24,39,340,Randy/Tom,14,26,10,5,35.752357482910156
100,250,Bruce/Rex,21,38,220,Randy/Tom,22,40,340,6,44.52635645866394
100,250,Bruce/Rex,21,34,320,Randy/Tom,19,31,140,5,36.31725358963013
100,250,Bruce/Rex,19,33,300,Randy/Tom,19,32,300,5,34.0331654548645
100,250,Bruce/Rex,20,36,310,Randy/Tom,14,29,170,5,36.24945592880249
100,250,Bruce/Rex,12,17,260,Randy/Tom,14,22,150,3,20.27111053466797
100,250,Bruce/Rex,20,38,130,Randy/Tom,19,40,250,7,49.1408634185791
100,250,Bruce/Rex,25,42,330,Randy/Tom,20,36,330,6,44.430527210235596
100,250,Bruce/Rex,25,38,380,Randy/Tom,19,27,320,5,36.090508699417114
100,250,Bruce/Rex,18,32,170,Randy/Tom,18,33,270,5,35.76353359222412
100,250,Bruce/Rex,20,36,270,Randy/Tom,16,29,30,5,36.78234243392944
100,250,Bruce/Rex,7,10,150,Randy/Tom,20,29,300,3,18.883463144302368
100,250,Bruce/Rex,20,32,300,Randy/Tom,11,20,70,4,27.248484134674072
100,250,Bruce/Rex,12,22,110,Randy/Tom,19,30,270,4,28.130185842514038
100,250,Bruce/Rex,11,20,70,Randy/Tom,21,32,340,4,27.429773807525635
100,250,Bruce/Rex,15,32,150,Randy/Tom,17,33,280,5,35.00951910018921
100,250,Bruce/Rex,22,41,240,Randy/Tom,24,50,310,7,52.93486046791077
100,250,Bruce/Rex,13,24,110,Randy/Tom,19,28,290,4,27.096895694732666
100,250,Bruce/Rex,20,38,280,Randy/Tom,17,27,90,5,37.690691232681274
100,250,Bruce/Rex,25,38,320,Randy/Tom,15,27,150,5,35.55377435684204
100,250,Bruce/Rex,18,24,370,Randy/Tom,10,15,80,3,19.882282257080078
100,250,Bruce/Rex,19,34,230,Randy/Tom,18,31,280,5,37.236767053604126
100,250,Bruce/Rex,18,30,270,Randy/Tom,14,22,280,4,27.680517435073853
100,250,Bruce/Rex,13,30,30,Randy/Tom,14,22,280,4,27.931320905685425
100,250,Bruce/Rex,15,32,170,Randy/Tom,19,33,270,5,37.248024225234985
100,250,Bruce/Rex,23,32,330,Randy/Tom,13,33,-10,5,37.534547328948975
100,250,Bruce/Rex,21,29,350,Randy/Tom,19,36,240,5,36.33969044685364
100,250,Bruce/Rex,23,34,360,Randy/Tom,17,31,210,5,36.89059066772461
100,250,Bruce/Rex,13,26,30,Randy/Tom,23,39,320,5,36.82167053222656
100,250,Bruce/Rex,17,28,290,Randy/Tom,17,24,270,4,28.226452589035034
100,250,Bruce/Rex,20,30,340,Randy/Tom,12,22,100,4,28.246174573898315
100,250,Bruce/Rex,19,25,390,Randy/Tom,16,27,180,4,25.348494291305542
100,250,Bruce/Rex,15,29,160,Randy/Tom,18,36,260,5,37.706148624420166
100,250,Bruce/Rex,7,10,150,Randy/Tom,20,29,270,3,20.779096603393555
100,250,Bruce/Rex,19,31,140,Randy/Tom,15,21,280,4,28.012065649032593
100,250,Bruce/Rex,13,23,250,Randy/Tom,15,29,80,5,32.622520446777344
100,250,Bruce/Rex,12,24,-10,Randy/Tom,20,28,250,5,33.13011455535889
100,250,Bruce/Rex,18,32,250,Randy/Tom,19,33,330,5,32.30123019218445
100,250,Bruce/Rex,10,15,270,Randy/Tom,19,37,190,4,27.60761022567749
100,250,Bruce/Rex,17,30,280,Randy/Tom,19,35,180,5,37.49397134780884
100,250,Bruce/Rex,19,29,290,Randy/Tom,20,36,240,5,37.257416009902954
100,250,Bruce/Rex,10,21,50,Randy/Tom,18,31,260,4,28.332783937454224
100,250,Bruce/Rex,25,36,360,Randy/Tom,17,29,80,5,36.53207731246948
100,250,Bruce/Rex,18,27,280,Randy/Tom,20,38,230,5,36.195348501205444
100,250,Bruce/Rex,11,16,260,Randy/Tom,19,36,200,4,29.71300506591797
100,250,Bruce/Rex,21,34,330,Randy/Tom,25,44,330,6,47.482707262039185
100,250,Bruce/Rex,11,29,-10,Randy/Tom,17,23,300,4,30.697139024734497
100,250,Bruce/Rex,9,21,40,Randy/Tom,23,31,340,4,27.76192617416382
100,250,Bruce/Rex,21,30,270,Randy/Tom,10,22,70,4,29.131427526474
100,250,Bruce/Rex,6,13,20,Randy/Tom,23,26,430,3,22.235827684402466
100,250,Bruce/Rex,19,21,290,Randy/Tom,18,31,310,4,29.78590703010559
100,250,Bruce/Rex,17,33,100,Randy/Tom,19,32,250,6,45.183730602264404
100,250,Bruce/Rex,24,45,380,Randy/Tom,25,46,390,7,59.87735891342163
100,250,Bruce/Rex,12,21,50,Randy/Tom,15,18,290,3,23.53136134147644
100,250,Bruce/Rex,19,34,290,Randy/Tom,22,44,200,6,50.85593390464783
100,250,Bruce/Rex,13,21,290,Randy/Tom,25,44,300,5,38.42660713195801
100,250,Bruce/Rex,21,37,270,Randy/Tom,13,28,80,5,41.806402921676636
100,250,Bruce/Rex,22,32,320,Randy/Tom,16,33,140,5,41.58859133720398
100,250,Bruce/Rex,19,38,190,Randy/Tom,22,40,310,6,53.649656772613525
100,250,Bruce/Rex,15,20,320,Randy/Tom,11,19,120,3,22.93370008468628
100,250,Bruce/Rex,16,23,260,Randy/Tom,18,29,220,4,33.059309244155884
100,250,Bruce/Rex,20,43,90,Randy/Tom,21,35,320,6,53.64174032211304
100,250,Bruce/Rex,17,21,320,Randy/Tom,12,18,180,3,23.27059555053711
100,250,Bruce/Rex,17,30,280,Randy/Tom,13,22,90,4,33.432581186294556
100,250,Bruce/Rex,16,26,200,Randy/Tom,18,26,260,4,35.34086585044861
100,250,Bruce/Rex,22,35,320,Randy/Tom,15,30,170,5,48.96640229225159
100,250,Bruce/Rex,10,24,30,Randy/Tom,21,28,350,4,34.879501819610596
100,250,Bruce/Rex,28,45,350,Randy/Tom,18,33,220,6,51.41287016868591
100,250,Bruce/Rex,15,22,130,Randy/Tom,19,30,300,4,28.034580945968628
100,250,Bruce/Rex,25,42,350,Randy/Tom,14,23,170,5,39.17347288131714
100,250,Bruce/Rex,19,28,330,Randy/Tom,19,37,320,5,38.16731071472168
100,250,Bruce/Rex,22,34,270,Randy/Tom,17,31,90,5,38.15116477012634
100,250,Bruce/Rex,21,42,260,Randy/Tom,13,23,160,5,37.9228310585022
100,250,Bruce/Rex,15,25,250,Randy/Tom,23,40,310,5,37.041969299316406
100,250,Bruce/Rex,17,25,290,Randy/Tom,23,40,250,5,37.03359866142273
